{"_timestamp":1.7719602449779181e+09,"train_time":2.1295831203460693,"learning_rate":0.0001,"eval_accuracy":0.104,"train_accuracy":0.103,"_wandb":{"runtime":113},"eval_loss":0.12401093244552612,"_step":49,"_runtime":113,"eval_time":0.09858131408691406,"train_loss":0.12312664351463318}