{"learning_rate":0.0001,"_step":49,"train_accuracy":0.9709,"train_loss":0.0008049661243334413,"_timestamp":1.7719514287751467e+09,"train_time":3.0377771854400635,"_runtime":172,"eval_accuracy":0.9039,"eval_loss":0.0028352005598600953,"eval_time":0.31475114822387695,"_wandb":{"runtime":172}}