{"eval_time":0.020726442337036133,"_wandb":{"runtime":33},"num_params":343818,"_runtime":33,"train_accuracy":0.39050474762916565,"train_loss":14.581938862800598,"_step":99,"_timestamp":1.7721282415597003e+09,"eval_accuracy":0.40416112542152405,"eval_loss":1.4459584951400757,"learning_rate":0.0001,"train_time":0.3087124824523926}