{"_wandb":{"runtime":114},"_step":49,"eval_loss":0.0037204369962215425,"eval_time":0.3298451900482178,"train_accuracy":0.8976833333333334,"_timestamp":1.771950424226857e+09,"train_time":1.6951518058776855,"train_loss":0.002511077616363764,"eval_accuracy":0.8552,"learning_rate":0.0001,"_runtime":114}