{"_timestamp":1.7719601242059853e+09,"train_time":2.1285088062286377,"_wandb":{"runtime":113},"eval_loss":0.12529540228843689,"eval_time":0.0988912582397461,"learning_rate":0.0001,"eval_accuracy":0.098,"_runtime":113,"_step":49,"train_accuracy":0.0938,"train_loss":0.1245410206079483}