{"train_accuracy":0.9800666666666666,"train_time":3.052316904067993,"train_loss":0.0005721486829376469,"_timestamp":1.7719507116697586e+09,"eval_accuracy":0.9063,"_wandb":{"runtime":172},"eval_loss":0.002957964230212383,"_runtime":172,"eval_time":0.30701184272766113,"learning_rate":0.0001,"_step":49}