{"_step":49,"train_loss":0.011978796201944352,"train_time":1.9839117527008057,"_wandb":{"runtime":108},"_runtime":108,"eval_loss":0.01220025315284729,"train_accuracy":0.44793333333333335,"learning_rate":0.0001,"eval_accuracy":0.4469,"eval_time":0.34836244583129883,"_timestamp":1.7719423875868704e+09}