{"eval_time":4.380384922027588,"_runtime":4313,"eval_loss":0.07929118106355891,"eval_accuracy":0.7975,"train_loss":0.076004758165963,"_timestamp":1.7719626261230032e+09,"train_accuracy":0.8033166666666667,"_step":49,"_wandb":{"runtime":4313},"learning_rate":0.0001,"train_time":81.20447182655334}