{"_timestamp":1.772121968111305e+09,"train_accuracy":0.0996514300584793,"eval_loss":2.625596761703491,"num_params":1342986,"eval_time":0.04302358627319336,"train_time":0.7953183650970459,"_step":99,"_runtime":84,"train_loss":25.99843257665634,"_wandb":{"runtime":84},"eval_accuracy":0.11276667213439942,"learning_rate":0.0001}