{"learning_rate":0.0001,"eval_loss":0.0034401843309402468,"train_accuracy":0.9596333333333333,"_runtime":249,"_timestamp":1.7719513593776422e+09,"train_loss":0.0010612440327803295,"train_time":4.462937593460083,"_wandb":{"runtime":249},"eval_accuracy":0.8813,"_step":49,"eval_time":0.4211263656616211}