{"eval_loss":1.7763630151748657,"eval_accuracy":0.5431761932373047,"_timestamp":1.772124401615169e+09,"num_params":1074186,"learning_rate":0.0001,"_step":99,"train_accuracy":0.5459481069564819,"_wandb":{"runtime":79},"_runtime":79,"train_loss":17.467486798763275,"eval_time":0.039998769760131836,"train_time":0.7536036968231201}