{"_wandb":{"runtime":119},"_step":49,"eval_loss":0.12669270205497743,"eval_time":0.12218475341796875,"learning_rate":0.0001,"_runtime":119,"_timestamp":1.771959281719743e+09,"train_accuracy":0.1052,"train_loss":0.12397877202033997,"train_time":2.4026875495910645,"eval_accuracy":0.102}