{"train_accuracy":0.29031381378173826,"_wandb":{"runtime":80},"_step":99,"num_params":1074186,"eval_time":0.04017901420593262,"learning_rate":0.0001,"_timestamp":1.7721245752671165e+09,"eval_loss":1.9226522147655487,"train_time":0.7573385238647461,"train_loss":18.182736694812775,"_runtime":80,"eval_accuracy":0.2712761993408203}