{"eval_accuracy":0.36058980226516724,"train_loss":15.11571478843689,"_step":99,"train_time":0.29384589195251465,"_runtime":32,"learning_rate":0.0001,"eval_time":0.019939661026000977,"_wandb":{"runtime":32},"eval_loss":1.5140490531921387,"num_params":137226,"train_accuracy":0.3614296615123749,"_timestamp":1.7721285121207368e+09}