{"train_loss":18.182736694812775,"eval_accuracy":0.2712761993408203,"train_accuracy":0.29031381378173826,"num_params":1074186,"eval_time":0.03993988037109375,"_timestamp":1.772122664076183e+09,"_runtime":79,"_step":99,"_wandb":{"runtime":79},"train_time":0.7501747608184814,"learning_rate":0.0001,"eval_loss":1.9226522147655487}