{"_timestamp":1.771943204282408e+09,"eval_accuracy":0.7751,"learning_rate":0.0001,"eval_time":0.37697696685791016,"train_accuracy":0.7704333333333333,"train_loss":0.005454342666765054,"_step":49,"_runtime":217,"_wandb":{"runtime":217},"train_time":3.9781458377838135,"eval_loss":0.005409223988652229}