{"train_accuracy":0.09909888356924057,"eval_accuracy":0.10122976452112198,"_timestamp":1.7721311997203429e+09,"learning_rate":0.0001,"_runtime":101,"train_time":0.900846004486084,"train_loss":23.025969743728638,"eval_time":0.05609393119812012,"num_params":137226,"_wandb":{"runtime":101},"eval_loss":2.302598237991333,"_step":99}