{"eval_time":0.10766816139221191,"_runtime":17,"_step":5,"_timestamp":1.7721224161022189e+09,"num_params":8689162,"learning_rate":0.0009920292628279098,"train_loss":28.412678003311157,"_wandb":{"runtime":17},"train_time":2.6050779819488525,"eval_accuracy":0.09754762268066407,"eval_loss":2.829053819179535,"train_accuracy":0.10037857295274734}