{"_timestamp":1.77195055715903e+09,"train_loss":0.003706302843987942,"train_accuracy":0.8482,"eval_time":0.4301149845123291,"_step":14,"train_time":4.407695770263672,"learning_rate":0.0008145033635316125,"eval_accuracy":0.8438,"eval_loss":0.003873100631684065,"_wandb":{"runtime":75},"_runtime":75}