{"train_loss":28.417676389217377,"_wandb":{"runtime":87},"eval_loss":2.8232998847961426,"_runtime":87,"eval_accuracy":0.09912381172180176,"learning_rate":0.0001,"eval_time":0.03989052772521973,"train_time":0.7482590675354004,"_timestamp":1.7721195267400937e+09,"_step":99,"train_accuracy":0.10107619299888611}