{"eval_accuracy":0.12595714569091798,"learning_rate":0.0001,"train_loss":26.70981740951538,"train_accuracy":0.13041381227970122,"train_time":0.7961337566375732,"_wandb":{"runtime":84},"_timestamp":1.7721195225256906e+09,"eval_loss":2.657250940799713,"_runtime":84,"eval_time":0.04284811019897461,"_step":99}