{"_wandb":{"runtime":85},"num_params":2181898,"eval_time":0.04090094566345215,"train_loss":8.739066779613495,"learning_rate":0.0001,"eval_accuracy":0.7712193131446838,"train_accuracy":0.7712990641593933,"eval_loss":0.8681967258453369,"_runtime":85,"_step":99,"train_time":0.8053340911865234,"_timestamp":1.7721297139648275e+09}