{"train_accuracy":0.09994952533245087,"_timestamp":1.7721243589198596e+09,"learning_rate":0.0001,"num_params":536586,"train_time":0.7515738010406494,"train_loss":27.938090592622757,"eval_loss":2.741913378238678,"_wandb":{"runtime":79},"_runtime":79,"_step":99,"eval_accuracy":0.10295714569091798,"eval_time":0.04022407531738281}