{"_timestamp":1.7719427542712314e+09,"train_accuracy":0.9545,"train_time":4.005979299545288,"eval_accuracy":0.8947,"learning_rate":0.0001,"_wandb":{"runtime":218},"eval_time":0.3861732482910156,"eval_loss":0.002856028012931347,"train_loss":0.0011595693486432235,"_step":49,"_runtime":218}