{"eval_accuracy":0.21786270141601563,"eval_loss":5.01059627532959,"_wandb":{"runtime":84},"_timestamp":1.772116357950685e+09,"train_accuracy":0.2232492109298706,"eval_time":0.04268312454223633,"_step":99,"train_loss":48.92596960067749,"_runtime":84,"learning_rate":0.0001,"train_time":0.7979633808135986}