{"train_time":2.216830253601074,"_runtime":121,"learning_rate":0.0001,"eval_time":0.34998178482055664,"_timestamp":1.7720330757795868e+09,"train_loss":385.54540199041367,"train_accuracy":0.7244333333333334,"_step":49,"eval_accuracy":0.7164,"_wandb":{"runtime":121},"eval_loss":0.006685860222578049}