{"_runtime":34,"eval_loss":1.5239524841308594,"eval_time":0.019978046417236328,"train_accuracy":0.3622911274433136,"_wandb":{"runtime":34},"_step":99,"train_time":0.3206319808959961,"learning_rate":0.0001,"num_params":137226,"eval_accuracy":0.3679034411907196,"_timestamp":1.7721279225743537e+09,"train_loss":15.27070677280426}