{"train_time":0.8015403747558594,"learning_rate":0.0001,"_step":99,"num_params":1342986,"_wandb":{"runtime":84},"train_accuracy":0.1329390513420105,"eval_time":0.042960405349731445,"train_loss":25.73741191625595,"_timestamp":1.7721221512794828e+09,"_runtime":84,"eval_loss":2.5598357915878296,"eval_accuracy":0.12719047927856444}