{"eval_accuracy":0.75910484790802,"_wandb":{"runtime":96},"eval_loss":0.9047370553016663,"learning_rate":0.0001,"train_accuracy":0.7662761211395264,"_runtime":96,"num_params":2181898,"_timestamp":1.7721277830017126e+09,"train_loss":8.84828919172287,"_step":99,"train_time":0.8184053897857666,"eval_time":0.040221452713012695}