{"learning_rate":0.0001,"_step":49,"_timestamp":1.772132577948175e+09,"eval_time":0.08860635757446289,"train_accuracy":0.24999527633190155,"_wandb":{"runtime":86},"num_params":274954,"eval_accuracy":0.24654126167297363,"_runtime":86,"train_loss":39.619184255599976,"eval_loss":3.947093963623047,"train_time":1.6169071197509766}