{"eval_loss":0.003337158701568842,"train_loss":0.0029236925179759662,"_step":49,"eval_time":0.3809337615966797,"eval_accuracy":0.8638,"_timestamp":1.7719438787112806e+09,"train_time":3.972362518310547,"_wandb":{"runtime":217},"learning_rate":0.0001,"train_accuracy":0.88135,"_runtime":217}