{"eval_loss":1.5114636421203613,"train_time":0.3034508228302002,"train_accuracy":0.3601702153682709,"_step":99,"learning_rate":0.0001,"train_loss":15.140244245529175,"_timestamp":1.7721277625161462e+09,"num_params":137226,"_wandb":{"runtime":32},"eval_time":0.0203249454498291,"eval_accuracy":0.3727915287017822,"_runtime":32}