{"train_accuracy":0.09773714464902877,"eval_loss":2.8374088406562805,"_wandb":{"runtime":88},"eval_time":0.0402216911315918,"_step":99,"learning_rate":0.0001,"train_loss":28.25978922843933,"train_time":0.8418600559234619,"eval_accuracy":0.09149047660827636,"_runtime":88,"_timestamp":1.7721193475698552e+09}