{"learning_rate":0.0001,"train_time":0.84165358543396,"_wandb":{"runtime":88},"eval_loss":2.879747211933136,"eval_accuracy":0.10275238418579101,"_runtime":88,"train_loss":28.52755957841873,"_timestamp":1.7721192522243404e+09,"train_accuracy":0.10214666919708253,"eval_time":0.040399789810180664,"_step":99}