{"eval_loss":0.12394036531448364,"_wandb":{"runtime":113},"eval_time":0.09779953956604004,"train_loss":0.12438038200139999,"eval_accuracy":0.1,"_timestamp":1.771960003285421e+09,"_runtime":113,"train_accuracy":0.0954,"learning_rate":0.0001,"train_time":2.116223096847534,"_step":49}