{"train_time":73.76499629020691,"eval_accuracy":0.8211,"_timestamp":1.7719543463528585e+09,"eval_time":4.859717607498169,"learning_rate":0.0001,"train_loss":0.004334743477900823,"train_accuracy":0.8220333333333333,"eval_loss":0.004476394453644753,"_wandb":{"runtime":3974},"_runtime":3974,"_step":49}