{"_timestamp":1.772115995626981e+09,"_step":99,"train_loss":48.33440840244293,"eval_time":0.0437617301940918,"_wandb":{"runtime":84},"_runtime":84,"eval_loss":4.977038621902466,"train_time":0.7994027137756348,"learning_rate":0.0001,"eval_accuracy":0.3536349258422852,"train_accuracy":0.3698050097465515}