{"_runtime":85,"eval_loss":0.8584807515144348,"num_params":2181898,"train_time":0.8058130741119385,"_timestamp":1.7721283535878127e+09,"train_accuracy":0.7717050909996033,"learning_rate":0.0001,"_step":99,"train_loss":8.71270751953125,"eval_time":0.039891958236694336,"eval_accuracy":0.7748487591743469,"_wandb":{"runtime":85}}