{"train_time":0.7390382289886475,"_runtime":39,"eval_loss":6.181815266609192,"eval_accuracy":0.1025650806427002,"learning_rate":0.0001,"train_loss":61.21667766571045,"_step":49,"_timestamp":1.7721143613817415e+09,"_wandb":{"runtime":39},"train_accuracy":0.10127190585136414,"eval_time":0.04013490676879883}