{"_wandb":{"runtime":115},"eval_time":0.0977940559387207,"train_loss":0.1247708896279335,"train_time":2.0017669200897217,"_step":49,"train_accuracy":0.0938,"eval_loss":0.12562181973457337,"learning_rate":0.0001,"_runtime":115,"_timestamp":1.7719600085945613e+09,"eval_accuracy":0.098}