{"train_accuracy":0.93385,"train_loss":0.0016722517389804125,"eval_accuracy":0.8848,"_step":49,"eval_time":0.32389235496520996,"learning_rate":0.0001,"_wandb":{"runtime":173},"_timestamp":1.7719523311334617e+09,"train_time":3.0460286140441895,"eval_loss":0.0029658009901642798,"_runtime":173}