{"_runtime":79,"eval_accuracy":0.09149047660827636,"eval_time":0.04057455062866211,"eval_loss":2.8374088406562805,"learning_rate":0.0001,"_timestamp":1.772118812690909e+09,"train_loss":28.25978922843933,"train_accuracy":0.09773714464902877,"train_time":0.7518115043640137,"_step":99,"_wandb":{"runtime":79}}