{"train_accuracy":0.5563833333333333,"eval_loss":0.009971041917800903,"eval_accuracy":0.5612,"_timestamp":1.7719514004968352e+09,"eval_time":0.3478713035583496,"learning_rate":0.0001,"train_time":1.9786455631256104,"train_loss":0.009924427512288093,"_wandb":{"runtime":115},"_step":49,"_runtime":115}