{"_runtime":84,"train_accuracy":0.12162714412212372,"_timestamp":1.7721218771671574e+09,"train_loss":25.384558975696564,"eval_accuracy":0.11709524154663085,"num_params":1342986,"train_time":0.800457239151001,"_wandb":{"runtime":84},"eval_time":0.0431818962097168,"learning_rate":0.0001,"_step":99,"eval_loss":2.6017967462539673}