{"train_time":0.7526469230651855,"_runtime":79,"_timestamp":1.77211891972841e+09,"train_accuracy":0.12301190729141236,"_wandb":{"runtime":79},"eval_time":0.04031038284301758,"eval_accuracy":0.1265714340209961,"eval_loss":2.2590123414993286,"train_loss":22.169094264507294,"_step":99,"learning_rate":0.0001}