{"train_loss":816.1086775064468,"_step":49,"_runtime":121,"_timestamp":1.772033976784078e+09,"train_accuracy":0.3692166666666667,"_wandb":{"runtime":121},"learning_rate":0.0001,"train_time":1.8420565128326416,"eval_loss":0.013663948845863342,"eval_accuracy":0.3768,"eval_time":0.3523581027984619}