{"_runtime":90,"_step":99,"num_params":536586,"_timestamp":1.7721224822523825e+09,"eval_time":0.05259394645690918,"train_loss":27.938090592622757,"eval_accuracy":0.10295714569091798,"train_time":0.9146051406860352,"train_accuracy":0.09994952533245087,"learning_rate":0.0001,"eval_loss":2.741913378238678,"_wandb":{"runtime":90}}