{"_step":49,"train_loss":0.011580595328913569,"learning_rate":0.0001,"eval_accuracy":0.9427,"eval_loss":0.02891895569820631,"train_accuracy":0.9690333333333333,"_runtime":4422,"_timestamp":1.7719697076656473e+09,"eval_time":4.004392862319946,"train_time":83.943350315094,"_wandb":{"runtime":4422}}