{"num_params":343818,"_step":99,"learning_rate":0.0001,"_wandb":{"runtime":101},"train_accuracy":0.10060645639896393,"_timestamp":1.7721312937349234e+09,"eval_loss":2.302612781524658,"eval_accuracy":0.09529490023851395,"eval_time":0.05802202224731445,"train_loss":23.025777339935303,"train_time":0.9468834400177002,"_runtime":101}