{"_runtime":121,"train_loss":120.63122097402811,"train_accuracy":0.9183833333333333,"_step":49,"_wandb":{"runtime":121},"learning_rate":0.0001,"train_time":1.812328815460205,"eval_accuracy":0.889,"eval_loss":0.002976774165406823,"_timestamp":1.7720334638492327e+09,"eval_time":0.33731532096862793}