{"train_accuracy":0.09946427494287491,"learning_rate":0.00017005243352409327,"train_time":1.0027518272399902,"eval_loss":2.3026578426361084,"_wandb":{"runtime":88},"_step":81,"_timestamp":1.7721318475604124e+09,"train_loss":23.025917053222656,"num_params":137226,"eval_time":0.05543398857116699,"eval_accuracy":0.09607215970754623,"_runtime":88}