{"eval_time":0.04025125503540039,"train_loss":28.892980694770813,"_step":99,"train_accuracy":0.09796381179094314,"learning_rate":0.0001,"eval_accuracy":0.09836666679382325,"train_time":0.7534418106079102,"_timestamp":1.772118898489355e+09,"eval_loss":2.819658577442169,"_wandb":{"runtime":79},"_runtime":79}