{"num_params":1342986,"learning_rate":0.0001,"eval_loss":2.451162815093994,"train_accuracy":0.12516238402128219,"_step":99,"_runtime":84,"train_time":0.7969908714294434,"eval_accuracy":0.1364142837524414,"eval_time":0.04284310340881348,"_wandb":{"runtime":84},"_timestamp":1.7721244307829497e+09,"train_loss":24.538256287574768}