{"_timestamp":1.7719508915276244e+09,"train_accuracy":0.94805,"eval_time":0.3179500102996826,"_wandb":{"runtime":172},"eval_loss":0.0030142415519803763,"_step":49,"train_time":3.03709077835083,"train_loss":0.001324114052951336,"learning_rate":0.0001,"eval_accuracy":0.8875,"_runtime":172}