{"train_loss":0.006378715962171554,"train_accuracy":0.7195,"eval_accuracy":0.7761,"learning_rate":0.0001,"eval_loss":0.005288749657571316,"train_time":21.998042821884155,"eval_time":1.008399248123169,"_wandb":{"runtime":1149},"_step":49,"_runtime":1149,"_timestamp":1.77194633356089e+09}