{"_timestamp":1.7721226090838494e+09,"eval_time":0.04369068145751953,"_wandb":{"runtime":85},"_runtime":85,"learning_rate":0.0001,"train_time":0.8050196170806885,"eval_loss":2.6279603242874146,"train_accuracy":0.13456619313955306,"_step":99,"train_loss":25.04536908864975,"num_params":1342986,"eval_accuracy":0.13983809661865235}