{"eval_time":0.38858723640441895,"train_accuracy":0.12553333333333333,"_step":49,"eval_loss":0.018017503309249876,"eval_accuracy":0.1307,"train_loss":0.01786721481482188,"_runtime":113,"_timestamp":1.7719509112564228e+09,"train_time":2.0167932510375977,"_wandb":{"runtime":113},"learning_rate":0.0001}