{"_wandb":{"runtime":79},"eval_loss":2.299435019493103,"_runtime":79,"learning_rate":0.0001,"train_loss":22.98089039325714,"_step":99,"train_time":0.7527375221252441,"train_accuracy":0.17109762275218965,"eval_time":0.040093421936035156,"eval_accuracy":0.1761285743713379,"_timestamp":1.772118747210329e+09}