{"train_time":1.7023894786834717,"eval_accuracy":0.1673833727836609,"_wandb":{"runtime":90},"_runtime":90,"eval_time":0.09557414054870605,"learning_rate":0.0001,"_timestamp":1.7721323915390933e+09,"train_loss":44.17239594459534,"_step":49,"eval_loss":4.421773195266724,"num_params":343818,"train_accuracy":0.16883188486099243}