{"eval_accuracy":0.1673833727836609,"_runtime":106,"_timestamp":1.7721725719209065e+09,"_wandb":{"runtime":106},"num_params":343818,"train_accuracy":0.16883188486099243,"eval_loss":4.421773433685303,"eval_time":0.4103059768676758,"_step":49,"train_loss":44.17239570617676,"train_time":1.7047357559204102,"learning_rate":0.0001,"Flops(1B)":16.161701888}