{"eval_time":0.3556704521179199,"_wandb":{"runtime":114},"_runtime":114,"_step":49,"train_loss":0.0035666477399567765,"train_accuracy":0.8507666666666667,"_timestamp":1.7719511577621493e+09,"train_time":1.6677744388580322,"eval_loss":0.0043381973512470725,"learning_rate":0.0001,"eval_accuracy":0.8266}