{"train_time":0.297910213470459,"eval_loss":1.468339443206787,"eval_time":0.019951343536376953,"_runtime":32,"num_params":274954,"train_accuracy":0.3919176757335663,"eval_accuracy":0.4036117494106293,"learning_rate":0.0001,"_wandb":{"runtime":32},"_step":99,"_timestamp":1.7721280758982162e+09,"train_loss":14.562676906585693}