{"learning_rate":0.0001,"train_loss":28.34231948852539,"_runtime":79,"eval_time":0.040137290954589844,"train_accuracy":0.10134571652412415,"eval_loss":2.7770711183547974,"_step":99,"_wandb":{"runtime":79},"_timestamp":1.7721199060120056e+09,"train_time":0.7517542839050293,"eval_accuracy":0.10162857437133789}