{"train_loss":25.73741191625595,"learning_rate":0.0001,"eval_accuracy":0.12719047927856444,"eval_loss":2.5598357915878296,"_runtime":84,"_wandb":{"runtime":84},"num_params":1342986,"train_accuracy":0.1329390513420105,"_timestamp":1.7721241564467983e+09,"train_time":0.8022916316986084,"eval_time":0.04346156120300293,"_step":99}